{
  "accuracy_benchmark": {
    "individual_cases": {
      "high_quality": {
        "true_lddt": 85.2,
        "predicted_plddt": 81.7928308783657,
        "absolute_error": 3.407169121634297,
        "relative_error": 0.03999024790650583,
        "within_10_percent": true,
        "sequence_length": 150,
        "mock_results": true
      },
      "medium_quality": {
        "true_lddt": 65.8,
        "predicted_plddt": 63.51679238160711,
        "absolute_error": 2.283207618392886,
        "relative_error": 0.03469920392694356,
        "within_10_percent": true,
        "sequence_length": 200,
        "mock_results": true
      },
      "low_quality": {
        "true_lddt": 45.3,
        "predicted_plddt": 40.829534706981754,
        "absolute_error": 4.470465293018243,
        "relative_error": 0.09868576805779787,
        "within_10_percent": true,
        "sequence_length": 180,
        "mock_results": true
      },
      "very_low_quality": {
        "true_lddt": 25.1,
        "predicted_plddt": 21.971932259314002,
        "absolute_error": 3.1280677406859994,
        "relative_error": 0.12462421277633463,
        "within_10_percent": false,
        "sequence_length": 120,
        "mock_results": true
      }
    },
    "summary": {
      "mean_absolute_error": 3.3222274434328565,
      "mean_relative_error": 0.07449985816689547,
      "accuracy_within_10_percent": 0.75,
      "num_test_cases": 4
    }
  },
  "calibration_benchmark": {
    "bins": {
      "bin_0_10": {
        "predicted_confidence": 5.0,
        "actual_accuracy": 14.809141266958855,
        "calibration_error": 9.809141266958855,
        "sample_count": 69
      },
      "bin_10_20": {
        "predicted_confidence": 15.0,
        "actual_accuracy": 15.783274561113103,
        "calibration_error": 0.7832745611131031,
        "sample_count": 191
      },
      "bin_20_30": {
        "predicted_confidence": 25.0,
        "actual_accuracy": 32.185611778414824,
        "calibration_error": 7.185611778414824,
        "sample_count": 69
      },
      "bin_30_40": {
        "predicted_confidence": 35.0,
        "actual_accuracy": 32.855381119965344,
        "calibration_error": 2.144618880034656,
        "sample_count": 84
      },
      "bin_40_50": {
        "predicted_confidence": 45.0,
        "actual_accuracy": 52.73608681988028,
        "calibration_error": 7.736086819880278,
        "sample_count": 127
      },
      "bin_50_60": {
        "predicted_confidence": 55.0,
        "actual_accuracy": 67.9978892146661,
        "calibration_error": 12.997889214666102,
        "sample_count": 82
      },
      "bin_60_70": {
        "predicted_confidence": 65.0,
        "actual_accuracy": 57.121410790337485,
        "calibration_error": 7.878589209662515,
        "sample_count": 95
      },
      "bin_70_80": {
        "predicted_confidence": 75.0,
        "actual_accuracy": 68.8081370448867,
        "calibration_error": 6.191862955113294,
        "sample_count": 107
      },
      "bin_80_90": {
        "predicted_confidence": 85.0,
        "actual_accuracy": 86.10890776401261,
        "calibration_error": 1.1089077640126135,
        "sample_count": 163
      },
      "bin_90_100": {
        "predicted_confidence": 95.0,
        "actual_accuracy": 96.54672947324778,
        "calibration_error": 1.5467294732477797,
        "sample_count": 134
      }
    },
    "summary": {
      "expected_calibration_error": 4.772266150774338,
      "maximum_calibration_error": 12.997889214666102,
      "total_samples": 1121,
      "well_calibrated": "True",
      "num_bins": 10
    }
  },
  "speed_benchmark": {
    "individual_tests": {
      "length_64": {
        "sequence_length": 64,
        "prediction_time_s": 0.02,
        "time_per_residue_ms": 0.3125,
        "meets_speed_target": true,
        "mock_results": true
      },
      "length_128": {
        "sequence_length": 128,
        "prediction_time_s": 0.042870938501451725,
        "time_per_residue_ms": 0.3349292070425916,
        "meets_speed_target": true,
        "mock_results": true
      },
      "length_256": {
        "sequence_length": 256,
        "prediction_time_s": 0.09189586839976281,
        "time_per_residue_ms": 0.3589682359365735,
        "meets_speed_target": true,
        "mock_results": true
      },
      "length_512": {
        "sequence_length": 512,
        "prediction_time_s": 0.19698310613518666,
        "time_per_residue_ms": 0.38473262917028644,
        "meets_speed_target": false,
        "mock_results": true
      }
    },
    "summary": {
      "average_time_s": 0.0879374782591003,
      "max_time_s": 0.19698310613518666,
      "meets_speed_targets": false,
      "num_tests": 4
    }
  },
  "cli_integration": {
    "cli_import_success": false,
    "argument_parsing": false,
    "confidence_head_setup": false,
    "prediction_integration": false,
    "output_formatting": false
  },
  "overall_assessment": {
    "accuracy_good": "True",
    "calibration_good": "True",
    "speed_good": false,
    "cli_integration_good": false,
    "recommended_for_production": false
  }
}