model_name,sequence_id,sequence_length,tm_score,rmsd,gdt_ts,lddt,runtime_s,gpu_memory_mb,cpu_memory_mb,success,error_message
FoldForever,MOCK_T0001,60,0.6476170816490306,4.117538434203933,77.13220918040042,74.81173100553217,0.06533168099849718,0.0,0.0078125,True,
FoldForever,MOCK_T0002,120,0.8642510084183025,3.382574252525533,64.78846633939813,87.33130695058247,0.12980141599837225,0.0,0.0,True,
FoldForever,MOCK_T0003,180,0.9499224435716149,4.246909123771648,79.64504806574709,73.38664753440702,0.18998921199818142,0.0,0.0,True,
FoldForever,MOCK_T0004,240,0.8443187173647464,3.036231839237702,84.35836680524025,74.45554565436403,0.24913521599955857,0.0,0.0,True,
FoldForever,MOCK_T0005,300,0.7707565542563937,4.630515848638488,74.48790461608556,92.98507800799183,0.311672997995629,0.0,0.0078125,True,
